Atom 1,Atom 2,Overlap,Distance
#1 CYS 65.A CA,#0 LYS 101.C CE,2.962,0.798
#1 CYS 65.A CB,#0 LYS 101.C CE,2.9,0.86
#1 CYS 65.A CA,#0 LYS 101.C CD,2.683,1.077
#1 CYS 65.A C,#0 LYS 101.C CD,2.591,0.899
#1 CYS 65.A CB,#0 LYS 101.C NZ,2.388,1.132
#1 CYS 65.A N,#0 LYS 101.C CG,1.925,1.595
#1 CYS 65.A N,#0 LYS 101.C CD,1.923,1.597
#1 CYS 65.A O,#0 LYS 101.C CD,1.897,1.403
#1 CYS 65.A N,#0 LYS 101.C CE,1.89,1.63
#1 CYS 65.A CA,#0 LYS 101.C NZ,1.87,1.65
#1 THR 66.A CB,#0 GLN 105.C NE2,1.573,1.947
#1 CYS 65.A CB,#0 LYS 101.C CD,1.527,2.233
#1 ASP 67.A N,#0 GLN 105.C NE2,1.509,1.771
#1 CYS 65.A C,#0 LYS 101.C CE,1.482,2.008
#1 THR 66.A CA,#0 GLN 105.C NE2,1.479,2.041
#1 CYS 65.A CA,#0 LYS 101.C CG,1.459,2.301
#1 CYS 65.A SG,#0 LYS 101.C CE,1.434,2.216
#1 THR 66.A C,#0 GLN 105.C NE2,1.416,1.834
#1 CYS 65.A O,#0 LYS 101.C CG,1.403,1.897
#1 THR 66.A N,#0 LYS 101.C CD,1.33,2.19
#1 CYS 65.A C,#0 LYS 101.C CG,1.233,2.257
#1 CYS 65.A SG,#0 LYS 101.C NZ,1.204,2.206
#1 CYS 65.A O,#0 LYS 101.C CB,1.112,2.188
#1 VAL 64.A CG1,#0 LYS 101.C CA,1.035,2.725
#1 VAL 64.A C,#0 LYS 101.C CG,1.024,2.466
#1 ASP 67.A CB,#0 GLN 105.C OE1,0.9,2.4
#1 VAL 64.A CG1,#0 LYS 101.C CB,0.86,2.9
#1 VAL 64.A C,#0 LYS 101.C CD,0.859,2.631
#1 ASP 67.A N,#0 GLN 105.C CD,0.833,2.417
#1 VAL 64.A C,#0 LYS 101.C CE,0.818,2.672
#1 CYS 65.A C,#0 LYS 101.C NZ,0.789,2.461
#1 VAL 64.A CG1,#0 CYS 102.C N,0.783,2.737
#1 VAL 64.A CA,#0 LYS 101.C CG,0.781,2.979
#1 THR 66.A CG2,#0 ASP 103.C CB,0.655,3.105
#1 CYS 65.A O,#0 LYS 101.C CE,0.648,2.652
#1 CYS 65.A C,#0 LYS 101.C CB,0.63,2.86
#1 ASP 67.A CA,#0 GLN 105.C NE2,0.609,2.911
#1 ASP 67.A N,#0 GLN 105.C OE1,0.602,2.458
#1 ASP 67.A CA,#0 GLN 105.C OE1,0.572,2.728
#1 CYS 65.A N,#0 LYS 101.C CB,0.547,2.973
#1 VAL 64.A CG1,#0 LYS 101.C C,0.529,2.961
#1 VAL 64.A CG1,#0 LYS 101.C CG,0.526,3.234
#1 THR 66.A N,#0 LYS 101.C CE,0.487,3.033
#1 CYS 65.A CB,#0 LYS 101.C CG,0.477,3.283
#1 THR 66.A CB,#0 GLN 105.C CD,0.476,3.014
#1 THR 66.A CA,#0 LYS 101.C CD,0.446,3.314
#1 THR 66.A N,#0 LYS 101.C NZ,0.433,2.847
#1 THR 66.A CB,#0 GLN 105.C CG,0.398,3.362
#1 CYS 65.A N,#0 LYS 101.C NZ,0.321,2.959
#1 THR 66.A OG1,#0 GLN 105.C NE2,0.312,2.788
#1 ASP 67.A CA,#0 GLN 105.C CD,0.306,3.184
#1 THR 66.A CG2,#0 GLN 105.C NE2,0.282,3.238
#1 CYS 65.A CA,#0 LYS 101.C CB,0.27,3.49
#1 THR 66.A CA,#0 GLN 105.C CD,0.263,3.227
#1 THR 66.A C,#0 GLN 105.C CD,0.234,2.986
#1 ASP 67.A O,#0 GLN 105.C NE2,0.216,2.844
#1 THR 66.A O,#0 GLN 105.C NE2,0.215,2.845
#1 VAL 64.A O,#0 LYS 101.C CE,0.163,3.137
#1 THR 66.A CG2,#0 LYS 101.C CB,0.128,3.632
#1 ASP 67.A CB,#0 GLN 105.C CD,0.12,3.37
#1 ASP 67.A O,#0 GLN 105.C CD,0.105,2.925
#1 VAL 64.A O,#0 LYS 101.C CD,0.057,3.243
#1 VAL 64.A CB,#0 LYS 101.C CG,0.049,3.711
#1 ASP 67.A C,#0 GLN 105.C NE2,0.029,3.221
#1 VAL 64.A CB,#0 LYS 101.C CA,0.023,3.737
#1 THR 66.A N,#0 LYS 101.C CG,0.023,3.497
#1 VAL 64.A CA,#0 LYS 101.C CD,-0.01,3.77
#1 VAL 64.A CA,#0 LYS 101.C CB,-0.015,3.775
#1 VAL 64.A C,#0 LYS 101.C CB,-0.025,3.515
#1 ASP 67.A O,#0 GLN 105.C OE1,-0.037,2.877
#1 THR 59.A O,#0 LYS 101.C NZ,-0.05,3.11
#1 CYS 65.A SG,#0 LYS 101.C CD,-0.077,3.727
#1 VAL 64.A CA,#0 LYS 101.C CA,-0.097,3.857
#1 VAL 64.A CG1,#0 CYS 102.C CA,-0.103,3.863
#1 ASP 67.A CB,#0 GLN 105.C NE2,-0.136,3.656
#1 THR 66.A CG2,#0 GLN 105.C CG,-0.144,3.904
#1 THR 66.A CG2,#0 ASP 103.C CA,-0.15,3.91
#1 ASP 67.A C,#0 GLN 105.C OE1,-0.152,3.182
#1 VAL 64.A CA,#0 LYS 101.C CE,-0.159,3.919
#1 VAL 64.A CB,#0 LYS 101.C CB,-0.175,3.935
#1 THR 66.A N,#0 GLN 105.C NE2,-0.185,3.465
#1 VAL 64.A O,#0 LYS 101.C CG,-0.196,3.496
#1 THR 66.A N,#0 LYS 101.C CB,-0.244,3.764
#1 ASP 67.A C,#0 GLN 105.C CD,-0.251,3.471
#1 THR 66.A CG2,#0 LYS 101.C CD,-0.297,4.057
#1 THR 66.A CA,#0 GLN 105.C CG,-0.328,4.088
#1 CYS 65.A O,#0 LYS 101.C CA,-0.331,3.631
#1 THR 66.A CG2,#0 ASP 103.C N,-0.347,3.867
#1 VAL 64.A CG1,#0 LYS 101.C CD,-0.356,4.116
#1 ASP 67.A N,#0 GLN 105.C CG,-0.364,3.884
#1 CYS 65.A O,#0 LYS 101.C NZ,-0.367,3.427
#1 CYS 65.A N,#0 LYS 101.C CA,-0.383,3.903
#1 ASP 67.A CG,#0 GLN 105.C OE1,-0.391,3.691
#1 THR 66.A C,#0 GLN 105.C OE1,-0.398,3.428